Артель,Товар,Град
Ёлки-палки,палочки,Тумантархан
Змей Горыныч: Гриль и мясо,дичь,Лукоморск
Бабки Ёжки,порошки,Пушград
Олливандер,палочки,Тамань
Зельевар,элексиры,Котовск
Каша из топора,веган,Пушград
Сливочное пиво,киселя,Челябинск-40
Три метлы,веган,Кэр-Параваль
Шоколадная лягушка,сласти,Челябинск-40
Зелья Асгарда,порошки,Челябинск-40
Яства Лукоморья,сласти,Красноярск-26
Колобки,веган,Пушград
Хоббитонские угощения,сласти,Пушград
Жало,амуниция,Тамань
Дырявый котёл,киселя,Лукоморск
Кабанья голова,дичь,Тумантархан
Снадобья Василисы Премудрой,травы,Котовск
Кольцо нибелунга,кольца,Томск-7
Ведьминские лакомства,сласти,Красноярск-26
Палантиры,амуниция,Кэр-Параваль
Нарсил,амуниция,Дубовск
Конёк-Горбунок,киселя,Дубовск
Лембас,веган,Анвард
Орочье питьё,элексиры,Котовск
Снегурочка Страхование,всяко,Кэр-Параваль
Мирувор,амуниция,Дубовск
Эльфийские эликсиры,элексиры,Пушград
За Тридевять Земель Экспорт,всяко,Пушград
Туды-сюды,всяко,Лукоморск
Сладкое королевство,сласти,Анвард
Три медведя Холдинг,всяко,Тамань
Василиса Премудрая Консалтинг,всяко,Красноярск-26
Лотлориэн,всяко,Лукоморск
Репка МММ Финанс,всяко,Котовск
Колдовские артефакты,кольца,Котовск
Аэглос,амуниция,Котовск
Ангуирел,амуниция,Кэр-Параваль
Поцелуй дементора,порошки,Тамань
Чародейка,травы,Красноярск-26
Кольца Силы,кольца,Красноярск-26
Емелина печь,дичь,Дубовск
Сильмариллион,всяко,Котовск
Иван Царевич Фудс,дичь,Котовск
Эльфийское изобилие,киселя,Котовск
Зачарованный стол,веган,Лукоморск
Репкины кушанья,веган,Лукоморск
Властелин пиршеств,сласти,Лукоморск
Гуси-Лебеди Дичь на вертелах,дичь,Пушград
Жар-птица,дичь,Пушград
Кольцо вкуса,веган,Анвард
Хогвартский рацион,дичь,Анвард
Кот Баюн,киселя,Анвард
Гномьи харчи,дичь,Кэр-Параваль
Волшебный перекус,сласти,Кэр-Параваль
Лешьи провиант,веган,Томск-7
Варево следопыта,дичь,Челябинск-40
Павлинье перо,дичь,Красноярск-26
КикиМорины разносолы,веган,Томск-7
Морозко джелато,сласти,Пушград
Волшебные Кольца Средиземья,кольца,Дубовск
Алхимик,порошки,Дубовск
Волшебные костыли,палочки,Дубовск
Элессар,амуниция,Котовск
Рингиль,амуниция,Котовск
Зелья Средиземья,травы,Котовск
Тайные зелья,порошки,Пушград
Тайны древних славян,травы,Пушград
Ангрист,амуниция,Котовск
Колдовские орудия,палочки,Котовск
Камень Эреха,кольца,Котовск
Волшебные эликсиры,элексиры,Котовск
Волшебные инструменты,палочки,Лукоморск
Эликсиры волшебства,элексиры,Лукоморск
Чародейские аксессуары,палочки,Лукоморск
Зелья и эликсиры,элексиры,Лукоморск
Гномьи зелья,порошки,Лукоморск
Кольцо Власти,кольца,Лукоморск
Магические эликсиры,элексиры,Пушград
Орки-лекари,травы,Пушград
Кольца Людей,кольца,Анвард
Галеон,порошки,Анвард
Эльфийские Кольца,кольца,Анвард
Заклинатель,палочки,Анвард
Изенгард,всяко,Кэр-Параваль
Магические посохи,палочки,Кэр-Параваль
Колдовские склянки,элексиры,Кэр-Параваль
Баба Яга,порошки,Кэр-Параваль
Олимпийские кольца,кольца,Кэр-Параваль
Волшебные жезлы,палочки,Тумантархан
Гномьи Кольца,кольца,Тумантархан
Оркрист,амуниция,Тумантархан
Волхование,порошки,Челябинск-40
Волшебные травы,травы,Челябинск-40
Кольца Толкина,кольца,Челябинск-40
Зелья Хогвартса,порошки,Томск-7
Гондор,всяко,Дубовск
Рохан,всяко,Кэр-Параваль
Чародейские инновации,всяко,Котовск
Мордор,всяко,Анвард
Хоббит,всяко,Дубовск
Волшебные перспективы,всяко,Дубовск
Покорители волшебства,всяко,Котовск
Магические горизонты,всяко,Лукоморск
Теремок с котлована,всяко,Анвард
Светлый путь,всяко,Кэр-Параваль
Орден феникса,всяко,Тумантархан
