Дата,Артель,Плата
2048-01-01,Каша из топора,10208.64
2048-01-01,Бабки Ёжки,21961.11
2048-01-01,Хоббитонские угощения,6905.58
2048-01-01,Дырявый котёл,4571.7
2048-01-01,Ёлки-палки,15124.69
2048-01-01,Бабки Ёжки,19018.65
2048-01-01,Сливочное пиво,6081.85
2048-01-01,Шоколадная лягушка,9226.93
2048-01-02,За Тридевять Земель Экспорт,4710.5
2048-01-02,За Тридевять Земель Экспорт,3628.93
2048-01-03,Змей Горыныч: Гриль и мясо,5400.8
2048-01-03,Каша из топора,6620.08
2048-01-03,Шоколадная лягушка,7779.26
2048-01-03,Бабки Ёжки,17585.25
2048-01-03,Эльфийские эликсиры,2775.93
2048-01-03,Орочье питьё,5481.6
2048-01-06,Яства Лукоморья,10433.92
2048-01-06,Бабки Ёжки,19554.37
2048-01-06,Три медведя Холдинг,3441.07
2048-01-06,Змей Горыныч: Гриль и мясо,10330.36
2048-01-07,Каша из топора,11026.12
2048-01-07,Змей Горыныч: Гриль и мясо,6293.11
2048-01-07,Дырявый котёл,8563.84
2048-01-07,Каша из топора,6745.72
2048-01-07,Три медведя Холдинг,6025.79
2048-01-07,Змей Горыныч: Гриль и мясо,12270.0
2048-01-07,Змей Горыныч: Гриль и мясо,7915.45
2048-01-08,Шоколадная лягушка,11938.16
2048-01-08,Змей Горыныч: Гриль и мясо,5861.62
2048-01-08,Ёлки-палки,17172.02
2048-01-08,Сливочное пиво,3740.74
2048-01-08,Волшебные эликсиры,8430.19
2048-01-08,Зельевар,23630.34
2048-01-09,Змей Горыныч: Гриль и мясо,8642.92
2048-01-09,Бабки Ёжки,20858.34
2048-01-09,Волхование,10089.66
2048-01-09,Сливочное пиво,10113.96
2048-01-09,Орки-лекари,8738.78
2048-01-10,Бабки Ёжки,25243.5
2048-01-10,Орочье питьё,3167.2
2048-01-10,Шоколадная лягушка,11237.41
2048-01-10,Змей Горыныч: Гриль и мясо,7405.26
2048-01-10,Змей Горыныч: Гриль и мясо,9245.31
2048-01-13,Змей Горыныч: Гриль и мясо,8656.09
2048-01-13,КикиМорины разносолы,7519.29
2048-01-13,Хогвартский рацион,10439.72
2048-01-13,Каша из топора,8095.03
2048-01-13,КикиМорины разносолы,4155.32
2048-01-13,Конёк-Горбунок,8800.88
2048-01-14,Варево следопыта,4413.44
2048-01-14,Дырявый котёл,8154.15
2048-01-14,Бабки Ёжки,12640.63
2048-01-14,Каша из топора,7949.37
2048-01-14,Хоббитонские угощения,7232.26
2048-01-15,Кольца Людей,22738.79
2048-01-15,Эликсиры волшебства,10373.07
2048-01-15,Змей Горыныч: Гриль и мясо,7598.27
2048-01-15,Конёк-Горбунок,10424.31
2048-01-16,Яства Лукоморья,6464.34
2048-01-16,Репка МММ Финанс,3877.35
2048-01-16,Сильмариллион,5050.02
2048-01-16,Змей Горыныч: Гриль и мясо,7802.8
2048-01-16,Эльфийские эликсиры,5221.4
2048-01-16,Змей Горыныч: Гриль и мясо,9614.69
2048-01-17,Лотлориэн,6850.52
2048-01-17,Ёлки-палки,4732.97
2048-01-17,Змей Горыныч: Гриль и мясо,4973.35
2048-01-17,Змей Горыныч: Гриль и мясо,6386.42
2048-01-17,Гуси-Лебеди Дичь на вертелах,6080.04
2048-01-17,Зелья Хогвартса,9618.11
2048-01-17,Змей Горыныч: Гриль и мясо,12503.01
2048-01-20,Хоббитонские угощения,8378.25
2048-01-20,Каша из топора,8764.49
2048-01-20,Ёлки-палки,12543.45
2048-01-20,Сливочное пиво,8256.46
2048-01-20,Змей Горыныч: Гриль и мясо,5434.67
2048-01-21,Зельевар,23273.12
2048-01-21,Волшебные травы,9545.49
2048-01-21,Зелья Асгарда,7869.43
2048-01-21,Рингиль,13319.91
2048-01-21,Сливочное пиво,8087.28
2048-01-21,Бабки Ёжки,20529.24
2048-01-21,Бабки Ёжки,19403.56
2048-01-22,Шоколадная лягушка,5818.71
2048-01-22,Ёлки-палки,10460.17
2048-01-22,Змей Горыныч: Гриль и мясо,7737.54
2048-01-22,Шоколадная лягушка,8292.51
2048-01-22,Змей Горыныч: Гриль и мясо,7666.96
2048-01-23,Яства Лукоморья,5558.76
2048-01-23,Зельевар,25927.84
2048-01-23,Змей Горыныч: Гриль и мясо,8875.37
2048-01-23,Кольцо вкуса,7716.76
2048-01-23,Рохан,2903.3
2048-01-24,Змей Горыныч: Гриль и мясо,5265.45
2048-01-24,Ёлки-палки,5497.15
2048-01-27,Лотлориэн,5052.98
2048-01-27,Олливандер,15346.77
2048-01-27,Змей Горыныч: Гриль и мясо,6558.12
2048-01-27,Волшебные травы,12129.48
2048-01-28,Конёк-Горбунок,4272.01
2048-01-28,Ёлки-палки,14356.25
2048-01-28,Ёлки-палки,21433.46
2048-01-28,Олливандер,11717.52
2048-01-28,Змей Горыныч: Гриль и мясо,5607.77
2048-01-29,Каша из топора,6091.63
2048-01-29,За Тридевять Земель Экспорт,2632.13
2048-01-29,Сладкое королевство,9220.32
2048-01-29,Орочье питьё,6912.08
2048-01-30,Ёлки-палки,14883.89
2048-01-30,Ёлки-палки,6149.59
2048-01-30,Ёлки-палки,20142.18
2048-01-30,Ёлки-палки,19212.62
2048-01-30,Василиса Премудрая Консалтинг,4440.4
2048-01-30,Змей Горыныч: Гриль и мясо,3146.29
2048-01-31,Сливочное пиво,8971.7
2048-01-31,Олливандер,13513.31
2048-01-31,Зелья Асгарда,18473.74
2048-01-31,Змей Горыныч: Гриль и мясо,6056.09
2048-01-31,Волшебные эликсиры,9158.94
2048-01-31,Каша из топора,7320.07
2048-01-31,Змей Горыныч: Гриль и мясо,11320.5
2048-02-03,Змей Горыныч: Гриль и мясо,9805.14
2048-02-03,Сливочное пиво,9037.85
2048-02-04,Шоколадная лягушка,4733.44
2048-02-04,Орочье питьё,8285.64
2048-02-04,Лешьи провиант,3441.21
2048-02-04,Три медведя Холдинг,2088.51
2048-02-04,Шоколадная лягушка,7227.97
2048-02-05,Лотлориэн,3239.89
2048-02-05,Бабки Ёжки,16079.24
2048-02-05,Змей Горыныч: Гриль и мясо,4875.39
2048-02-05,Ангрист,15669.7
2048-02-06,Кабанья голова,4792.03
2048-02-06,Змей Горыныч: Гриль и мясо,8815.06
2048-02-06,Нарсил,6213.6
2048-02-06,Олливандер,16794.8
2048-02-07,Змей Горыныч: Гриль и мясо,8061.0
2048-02-07,Сливочное пиво,5258.56
2048-02-07,Эльфийские Кольца,13785.41
2048-02-07,Бабки Ёжки,20146.03
2048-02-07,Колобки,8572.4
2048-02-07,Колобки,7728.23
2048-02-10,Змей Горыныч: Гриль и мясо,6173.59
2048-02-10,Ёлки-палки,20715.86
2048-02-10,Змей Горыныч: Гриль и мясо,8923.44
2048-02-11,Сливочное пиво,8707.2
2048-02-11,Лембас,9438.99
2048-02-11,Жар-птица,3275.79
2048-02-11,Эльфийское изобилие,9090.02
2048-02-11,Ёлки-палки,9342.31
2048-02-11,Изенгард,4290.35
2048-02-11,Олливандер,17833.62
2048-02-11,Зелья Асгарда,15939.73
2048-02-12,Яства Лукоморья,3612.88
2048-02-12,Три метлы,10983.72
2048-02-12,Орочье питьё,4491.16
2048-02-12,Змей Горыныч: Гриль и мясо,9569.53
2048-02-12,Колобки,7189.32
2048-02-13,Олливандер,11736.82
2048-02-13,Жало,19487.16
2048-02-13,Эльфийские эликсиры,5382.32
2048-02-13,Репка МММ Финанс,4363.35
2048-02-13,Бабки Ёжки,13206.04
2048-02-13,Змей Горыныч: Гриль и мясо,7651.97
2048-02-14,Ёлки-палки,16349.2
2048-02-14,Хоббитонские угощения,8234.35
2048-02-14,Бабки Ёжки,18486.04
2048-02-14,Ведьминские лакомства,6478.87
2048-02-17,КикиМорины разносолы,12442.91
2048-02-17,Кабанья голова,4924.78
2048-02-17,Зелья Асгарда,14393.56
2048-02-17,Ёлки-палки,19097.79
2048-02-17,Олливандер,13943.87
2048-02-17,Змей Горыныч: Гриль и мясо,9170.23
2048-02-17,Нарсил,7296.43
2048-02-18,Туды-сюды,5198.3
2048-02-18,Варево следопыта,8322.75
2048-02-18,Туды-сюды,4758.26
2048-02-18,Хоббитонские угощения,6625.05
2048-02-18,Зельевар,25162.27
2048-02-18,Хоббитонские угощения,10978.61
2048-02-18,Лотлориэн,4371.66
2048-02-19,Яства Лукоморья,8038.25
2048-02-19,Орочье питьё,8053.42
2048-02-19,Три медведя Холдинг,2019.11
2048-02-19,Бабки Ёжки,10736.87
2048-02-19,Колобки,6155.34
2048-02-19,Три медведя Холдинг,3575.48
2048-02-20,Сливочное пиво,4497.62
2048-02-20,Бабки Ёжки,14923.07
2048-02-20,Палантиры,14391.39
2048-02-20,Змей Горыныч: Гриль и мясо,5600.16
2048-02-20,Змей Горыныч: Гриль и мясо,7804.06
2048-02-20,Кабанья голова,6376.86
2048-02-20,Змей Горыныч: Гриль и мясо,11847.1
2048-02-21,Ёлки-палки,19715.74
2048-02-21,За Тридевять Земель Экспорт,3638.1
2048-02-21,Ёлки-палки,18957.21
2048-02-21,Три метлы,8335.54
2048-02-21,Зелья Асгарда,11943.35
2048-02-24,Ёлки-палки,18403.44
2048-02-24,Ёлки-палки,11924.83
2048-02-24,Змей Горыныч: Гриль и мясо,6802.82
2048-02-24,Галеон,10852.07
2048-02-24,Хогвартский рацион,10835.21
2048-02-24,Три медведя Холдинг,3206.33
2048-02-24,Хоббитонские угощения,9273.69
2048-02-24,Ёлки-палки,14294.47
2048-02-25,Лембас,10428.47
2048-02-25,Ёлки-палки,20632.48
2048-02-25,Змей Горыныч: Гриль и мясо,7731.42
2048-02-25,Змей Горыныч: Гриль и мясо,10110.5
2048-02-25,Светлый путь,5575.43
2048-02-26,Бабки Ёжки,20057.33
2048-02-26,Конёк-Горбунок,6526.6
2048-02-26,Ёлки-палки,17109.97
2048-02-26,Колобки,5459.55
2048-02-26,Колобки,7215.75
2048-02-27,Дырявый котёл,6759.52
2048-02-27,Лешьи провиант,7303.78
2048-02-27,Змей Горыныч: Гриль и мясо,5771.71
2048-02-27,Зелья Асгарда,18400.91
2048-02-27,Тайные зелья,7003.89
2048-02-28,Змей Горыныч: Гриль и мясо,10153.79
2048-02-28,Каша из топора,5557.98
2048-02-28,Ёлки-палки,14688.4
2048-02-28,Орочье питьё,9580.15
2048-02-28,Лотлориэн,5153.19
2048-03-02,Каша из топора,8213.17
2048-03-02,Дырявый котёл,6374.25
2048-03-02,Хогвартский рацион,5739.8
2048-03-02,Олливандер,14050.2
2048-03-02,Змей Горыныч: Гриль и мясо,10092.84
2048-03-02,Ведьминские лакомства,6986.77
2048-03-03,Сливочное пиво,4707.38
2048-03-03,Сильмариллион,2188.81
2048-03-03,Сливочное пиво,8021.02
2048-03-03,Дырявый котёл,7167.34
2048-03-03,Змей Горыныч: Гриль и мясо,8714.6
2048-03-03,Змей Горыныч: Гриль и мясо,8659.41
2048-03-04,Яства Лукоморья,5813.37
2048-03-04,Зелья Асгарда,15700.59
2048-03-04,Змей Горыныч: Гриль и мясо,8853.29
2048-03-04,Емелина печь,8072.08
2048-03-04,Жар-птица,6001.25
2048-03-05,Яства Лукоморья,8868.53
2048-03-05,Ёлки-палки,18783.79
2048-03-05,Шоколадная лягушка,6955.66
2048-03-05,Змей Горыныч: Гриль и мясо,5337.0
2048-03-06,Зелья Асгарда,13922.93
2048-03-06,Яства Лукоморья,5149.3
2048-03-06,Кабанья голова,5607.98
2048-03-06,Шоколадная лягушка,6657.66
2048-03-09,Емелина печь,7359.87
2048-03-09,За Тридевять Земель Экспорт,5592.44
2048-03-09,Бабки Ёжки,11908.3
2048-03-09,Змей Горыныч: Гриль и мясо,10038.81
2048-03-09,Бабки Ёжки,17696.04
2048-03-09,Зельевар,24520.43
2048-03-09,Каша из топора,8540.57
2048-03-10,Змей Горыныч: Гриль и мясо,6050.76
2048-03-10,Василиса Премудрая Консалтинг,6074.16
2048-03-10,Сливочное пиво,6257.24
2048-03-10,Змей Горыныч: Гриль и мясо,7677.64
2048-03-10,Сладкое королевство,10976.08
2048-03-11,Змей Горыныч: Гриль и мясо,4110.0
2048-03-11,Теремок с котлована,3318.96
2048-03-11,Змей Горыныч: Гриль и мясо,10412.05
2048-03-11,Снадобья Василисы Премудрой,9284.02
2048-03-12,За Тридевять Земель Экспорт,4384.47
2048-03-12,Кабанья голова,8324.9
2048-03-12,Каша из топора,7104.12
2048-03-13,Змей Горыныч: Гриль и мясо,4067.99
2048-03-13,Снегурочка Страхование,5571.81
2048-03-13,Ёлки-палки,15821.89
2048-03-13,Репка МММ Финанс,4388.39
2048-03-13,Змей Горыныч: Гриль и мясо,8262.12
2048-03-13,Каша из топора,12103.86
2048-03-16,За Тридевять Земель Экспорт,4466.82
2048-03-16,Каша из топора,5385.72
2048-03-16,Каша из топора,7852.85
2048-03-16,Сливочное пиво,7048.29
2048-03-17,Бабки Ёжки,23497.45
2048-03-17,Змей Горыныч: Гриль и мясо,5598.1
2048-03-17,Змей Горыныч: Гриль и мясо,11349.6
2048-03-17,Змей Горыныч: Гриль и мясо,8046.0
2048-03-17,Иван Царевич Фудс,9789.54
2048-03-17,Яства Лукоморья,8984.74
2048-03-18,Сливочное пиво,5535.8
2048-03-18,Зелья Асгарда,15156.59
2048-03-19,Сливочное пиво,3361.66
2048-03-19,Три медведя Холдинг,4138.4
2048-03-19,Бабки Ёжки,11003.16
2048-03-19,Ёлки-палки,13807.19
2048-03-19,Кольцо вкуса,12096.7
2048-03-20,Ёлки-палки,17489.27
2048-03-20,Бабки Ёжки,18244.09
2048-03-20,Заклинатель,7749.87
2048-03-20,Павлинье перо,7354.18
2048-03-20,Заклинатель,18264.5
2048-03-20,Змей Горыныч: Гриль и мясо,11053.32
2048-03-20,Каша из топора,7047.97
2048-03-20,Каша из топора,10344.98
2048-03-23,Змей Горыныч: Гриль и мясо,7201.19
2048-03-23,Снегурочка Страхование,7333.8
2048-03-23,Олливандер,24166.75
2048-03-23,Каша из топора,5697.09
2048-03-23,Три медведя Холдинг,4404.82
2048-03-23,Ёлки-палки,16446.24
2048-03-24,Змей Горыныч: Гриль и мясо,9910.89
2048-03-24,Лотлориэн,4131.5
2048-03-24,Ёлки-палки,24699.77
2048-03-25,Дырявый котёл,11229.3
2048-03-25,Хоббитонские угощения,6813.56
2048-03-25,Змей Горыныч: Гриль и мясо,8259.46
2048-03-25,Зельевар,28065.31
2048-03-26,Зельевар,18967.49
2048-03-26,Палантиры,13745.81
2048-03-26,Сладкое королевство,2816.87
2048-03-26,Магические горизонты,4252.61
2048-03-26,Морозко джелато,2082.39
2048-03-26,Бабки Ёжки,17706.43
2048-03-27,Жар-птица,7987.37
2048-03-27,Хоббитонские угощения,10485.52
2048-03-27,Каша из топора,5291.24
2048-03-27,Дырявый котёл,8812.65
2048-03-27,Яства Лукоморья,5402.79
2048-03-27,Жало,16661.27
2048-03-30,Дырявый котёл,6760.59
2048-03-30,Бабки Ёжки,16313.4
2048-03-30,Змей Горыныч: Гриль и мясо,8394.19
2048-03-30,Каша из топора,8187.43
2048-03-30,Орочье питьё,5681.83
2048-03-30,Ведьминские лакомства,9473.58
2048-03-30,Сливочное пиво,10043.46
2048-03-31,Лотлориэн,2717.68
2048-03-31,Туды-сюды,5243.89
2048-03-31,Сливочное пиво,10124.41
2048-03-31,Колобки,3309.56
2048-03-31,Ёлки-палки,16106.4
2048-03-31,Ёлки-палки,14022.58
2048-04-01,Каша из топора,10215.2
2048-04-01,Три медведя Холдинг,4801.29
2048-04-01,Сливочное пиво,6856.05
2048-04-01,Галеон,4029.09
2048-04-01,Оркрист,18588.25
2048-04-02,Орочье питьё,5636.81
2048-04-02,Бабки Ёжки,20743.82
2048-04-02,Змей Горыныч: Гриль и мясо,10663.44
2048-04-02,Олливандер,14445.98
2048-04-03,Зелья Асгарда,10648.15
2048-04-03,Снадобья Василисы Премудрой,9829.46
2048-04-03,Бабки Ёжки,18459.42
2048-04-03,Мирувор,48395.08
2048-04-03,Ёлки-палки,10694.63
2048-04-06,Бабки Ёжки,7536.65
2048-04-06,Алхимик,11709.84
2048-04-06,Бабки Ёжки,16519.87
2048-04-06,Алхимик,5354.54
2048-04-06,Зелья Асгарда,10632.71
2048-04-06,Дырявый котёл,9677.77
2048-04-07,Туды-сюды,6438.5
2048-04-07,Ведьминские лакомства,9184.99
2048-04-07,Змей Горыныч: Гриль и мясо,11316.95
2048-04-07,Ёлки-палки,15832.81
2048-04-07,Оркрист,13070.3
2048-04-07,Гномьи зелья,9680.1
2048-04-07,Кольцо Власти,14086.52
2048-04-08,Ёлки-палки,20177.5
2048-04-08,Бабки Ёжки,15282.81
2048-04-08,Змей Горыныч: Гриль и мясо,5632.2
2048-04-08,Чародейка,8364.53
2048-04-08,Змей Горыныч: Гриль и мясо,3654.86
2048-04-08,Чародейские инновации,5939.08
2048-04-09,Три метлы,1684.6
2048-04-09,Конёк-Горбунок,2051.67
2048-04-09,Ёлки-палки,14509.82
2048-04-09,Каша из топора,8390.72
2048-04-09,Яства Лукоморья,5058.38
2048-04-09,Дырявый котёл,7190.85
2048-04-09,Яства Лукоморья,9206.76
2048-04-10,Три метлы,11318.02
2048-04-10,Хоббитонские угощения,9205.44
2048-04-10,Варево следопыта,8708.29
2048-04-13,Волшебные травы,8382.51
2048-04-13,Змей Горыныч: Гриль и мясо,5392.57
2048-04-13,Бабки Ёжки,14127.11
2048-04-13,Ёлки-палки,19570.79
2048-04-13,Змей Горыныч: Гриль и мясо,8697.61
2048-04-14,Три метлы,2701.83
2048-04-14,Бабки Ёжки,15459.9
2048-04-14,Три метлы,13421.15
2048-04-14,Змей Горыныч: Гриль и мясо,6799.17
2048-04-14,Волшебные инструменты,14717.22
2048-04-15,Змей Горыныч: Гриль и мясо,8492.16
2048-04-15,Орочье питьё,8287.0
2048-04-15,Шоколадная лягушка,12914.2
2048-04-15,Рингиль,17542.33
2048-04-15,Шоколадная лягушка,9335.82
2048-04-16,Лембас,8774.64
2048-04-16,Хогвартский рацион,11731.01
2048-04-16,Зелья Средиземья,7346.14
2048-04-16,Иван Царевич Фудс,11621.2
2048-04-16,Ёлки-палки,24287.61
2048-04-17,Снадобья Василисы Премудрой,8933.62
2048-04-17,Конёк-Горбунок,9839.28
2048-04-17,Змей Горыныч: Гриль и мясо,1907.1
2048-04-17,Змей Горыныч: Гриль и мясо,7427.29
2048-04-17,Каша из топора,11066.38
2048-04-17,Олливандер,20125.93
2048-04-20,Змей Горыныч: Гриль и мясо,8362.48
2048-04-20,Каша из топора,8703.54
2048-04-20,Гномьи харчи,8509.82
2048-04-20,Ёлки-палки,15411.81
2048-04-20,Снадобья Василисы Премудрой,11250.98
2048-04-20,Змей Горыныч: Гриль и мясо,6231.18
2048-04-21,Дырявый котёл,6422.9
2048-04-21,Зельевар,22998.53
2048-04-21,Змей Горыныч: Гриль и мясо,8602.56
2048-04-21,Бабки Ёжки,14067.0
2048-04-21,Три метлы,11960.72
2048-04-22,Змей Горыныч: Гриль и мясо,8949.2
2048-04-22,Ёлки-палки,8359.57
2048-04-22,Змей Горыныч: Гриль и мясо,9702.82
2048-04-22,За Тридевять Земель Экспорт,2273.38
2048-04-22,Василиса Премудрая Консалтинг,3394.2
2048-04-23,Змей Горыныч: Гриль и мясо,5895.09
2048-04-23,Три метлы,10354.98
2048-04-23,Бабки Ёжки,13376.7
2048-04-23,Конёк-Горбунок,8049.95
2048-04-23,За Тридевять Земель Экспорт,1654.19
2048-04-23,Ёлки-палки,3833.99
2048-04-23,Змей Горыныч: Гриль и мясо,3092.57
2048-04-23,Змей Горыныч: Гриль и мясо,6325.68
2048-04-24,Гномьи харчи,9747.83
2048-04-24,Снадобья Василисы Премудрой,5513.84
2048-04-24,Жар-птица,7278.79
2048-04-24,Олливандер,18133.53
2048-04-24,Снадобья Василисы Премудрой,7906.65
2048-04-24,Бабки Ёжки,14354.18
2048-04-27,Дырявый котёл,4913.85
2048-04-27,Ёлки-палки,12544.22
2048-04-27,Ангрист,21535.14
2048-04-27,Три медведя Холдинг,4346.46
2048-04-28,Колобки,6908.1
2048-04-28,Олливандер,19723.37
2048-04-28,Змей Горыныч: Гриль и мясо,5026.05
2048-04-29,Бабки Ёжки,8896.88
2048-04-29,Элессар,12061.58
2048-04-29,Кабанья голова,8831.82
2048-04-29,Галеон,5465.19
2048-04-29,Бабки Ёжки,7235.8
2048-04-29,Олливандер,9817.82
2048-04-30,Змей Горыныч: Гриль и мясо,6863.03
2048-04-30,Лотлориэн,3861.44
2048-04-30,Змей Горыныч: Гриль и мясо,8626.36
2048-04-30,Каша из топора,10308.96
2048-04-30,Магические горизонты,3488.46
2048-04-30,Изенгард,3128.9
2048-05-01,Сливочное пиво,5785.58
2048-05-01,Сливочное пиво,3568.58
2048-05-01,Три метлы,7851.58
2048-05-01,Змей Горыныч: Гриль и мясо,11720.5
2048-05-01,Бабки Ёжки,12354.92
2048-05-04,Кольца Силы,26325.37
2048-05-04,Каша из топора,9878.35
2048-05-04,Ёлки-палки,10128.61
2048-05-04,Тайные зелья,7792.04
2048-05-04,Оркрист,13217.15
2048-05-05,Поцелуй дементора,20272.67
2048-05-06,Ведьминские лакомства,5057.77
2048-05-06,Морозко джелато,5726.18
2048-05-06,Змей Горыныч: Гриль и мясо,11067.11
2048-05-06,Дырявый котёл,11618.32
2048-05-06,Ёлки-палки,14929.93
2048-05-07,Палантиры,21284.83
2048-05-07,Зелья Хогвартса,7484.73
2048-05-07,Змей Горыныч: Гриль и мясо,6028.41
2048-05-07,Эльфийские Кольца,23076.62
2048-05-08,Бабки Ёжки,19449.38
2048-05-08,Хоббитонские угощения,11486.15
2048-05-08,Змей Горыныч: Гриль и мясо,8836.12
2048-05-08,Магические горизонты,2837.81
2048-05-08,Олливандер,10413.78
2048-05-08,Шоколадная лягушка,10269.27
2048-05-11,Бабки Ёжки,12767.62
2048-05-11,Змей Горыныч: Гриль и мясо,4089.66
2048-05-11,За Тридевять Земель Экспорт,4565.89
2048-05-11,Ёлки-палки,25239.57
2048-05-11,Яства Лукоморья,9140.53
2048-05-12,Ёлки-палки,11513.27
2048-05-12,Змей Горыныч: Гриль и мясо,7127.33
2048-05-12,Каша из топора,12408.02
2048-05-12,Ведьминские лакомства,12813.99
2048-05-12,Бабки Ёжки,17267.9
2048-05-12,Ёлки-палки,20158.2
2048-05-13,Змей Горыныч: Гриль и мясо,4823.16
2048-05-13,Изенгард,4718.88
2048-05-13,Рохан,2778.1
2048-05-14,Ёлки-палки,20246.45
2048-05-14,Властелин пиршеств,6368.52
2048-05-14,Змей Горыныч: Гриль и мясо,11340.74
2048-05-14,Змей Горыныч: Гриль и мясо,8829.64
2048-05-14,Хогвартский рацион,8160.88
2048-05-14,Нарсил,7729.48
2048-05-15,Сливочное пиво,7075.46
2048-05-15,Ёлки-палки,12387.14
2048-05-15,Изенгард,3965.99
2048-05-15,Змей Горыныч: Гриль и мясо,5715.53
2048-05-18,Кольца Толкина,20898.49
2048-05-18,Иван Царевич Фудс,4543.9
2048-05-18,Кольца Силы,33551.08
2048-05-18,Ёлки-палки,16977.73
2048-05-18,Бабки Ёжки,14375.01
2048-05-19,Кольцо нибелунга,20355.65
2048-05-19,Змей Горыныч: Гриль и мясо,7395.24
2048-05-20,Олливандер,12928.87
2048-05-20,Ёлки-палки,15719.7
2048-05-20,Каша из топора,6539.55
2048-05-20,Змей Горыныч: Гриль и мясо,8557.75
2048-05-21,Ёлки-палки,22727.98
2048-05-21,Яства Лукоморья,2767.7
2048-05-21,Сливочное пиво,6899.19
2048-05-21,Змей Горыныч: Гриль и мясо,7680.4
2048-05-21,Ёлки-палки,17832.22
2048-05-22,Зелья Средиземья,4913.7
2048-05-22,Яства Лукоморья,11331.01
2048-05-22,Ёлки-палки,26225.63
2048-05-22,Гондор,14582.38
2048-05-22,Репка МММ Финанс,3385.01
2048-05-22,Ёлки-палки,15754.57
2048-05-22,Каша из топора,9890.74
2048-05-25,Ёлки-палки,14238.42
2048-05-25,Ангуирел,31993.35
2048-05-25,Жало,19391.56
2048-05-25,Яства Лукоморья,9728.7
2048-05-26,Ёлки-палки,18078.63
2048-05-26,Лотлориэн,1957.67
2048-05-26,Волшебные травы,10205.1
2048-05-26,Бабки Ёжки,15077.66
2048-05-26,Василиса Премудрая Консалтинг,5013.49
2048-05-26,Яства Лукоморья,10585.28
2048-05-26,Змей Горыныч: Гриль и мясо,10651.27
2048-05-27,Олливандер,2711.96
2048-05-27,Бабки Ёжки,20345.56
2048-05-27,Ёлки-палки,8593.85
2048-05-27,Яства Лукоморья,6354.64
2048-05-27,Змей Горыныч: Гриль и мясо,5591.36
2048-05-27,Змей Горыныч: Гриль и мясо,10081.74
2048-05-28,Сливочное пиво,11902.93
2048-05-28,Бабки Ёжки,16354.18
2048-05-28,Олливандер,9308.92
2048-05-28,Лешьи провиант,7335.41
2048-05-28,Зельевар,31142.66
2048-05-28,Ведьминские лакомства,10581.05
2048-05-29,Ёлки-палки,11618.88
2048-05-29,Зелья Асгарда,10989.74
2048-05-29,Каша из топора,15150.48
2048-05-29,Зелья Средиземья,11573.1
2048-05-29,Зельевар,11812.14
2048-05-29,Ёлки-палки,15196.46
2048-05-29,Зелья Асгарда,9394.25
2048-06-01,Олливандер,15493.69
2048-06-01,Олливандер,22485.32
2048-06-01,Зелья Асгарда,22852.48
2048-06-01,Яства Лукоморья,8120.0
2048-06-01,Ёлки-палки,14380.03
2048-06-01,Бабки Ёжки,7556.44
2048-06-02,Яства Лукоморья,10422.2
2048-06-03,Зельевар,20289.0
2048-06-03,Каша из топора,7756.06
2048-06-03,Колобки,6718.81
2048-06-03,Эликсиры волшебства,6288.91
2048-06-04,Ёлки-палки,21853.52
2048-06-04,Три медведя Холдинг,5639.97
2048-06-04,Змей Горыныч: Гриль и мясо,7954.78
2048-06-04,Дырявый котёл,3870.61
2048-06-04,Змей Горыныч: Гриль и мясо,9371.97
2048-06-04,Ёлки-палки,16832.45
2048-06-05,Змей Горыныч: Гриль и мясо,4334.06
2048-06-05,Змей Горыныч: Гриль и мясо,7855.61
2048-06-05,Кольцо нибелунга,17285.68
2048-06-05,Эльфийские эликсиры,5228.67
2048-06-08,Жало,16304.28
2048-06-08,Сливочное пиво,3794.01
2048-06-08,Змей Горыныч: Гриль и мясо,5557.74
2048-06-08,Бабки Ёжки,26062.67
2048-06-08,Олливандер,21184.61
2048-06-08,Шоколадная лягушка,8730.29
2048-06-09,Колобки,8227.58
2048-06-09,Каша из топора,8988.77
2048-06-09,Яства Лукоморья,8122.25
2048-06-09,Лотлориэн,3194.34
2048-06-09,Колдовские артефакты,33110.79
2048-06-09,За Тридевять Земель Экспорт,2009.15
2048-06-09,Гондор,12782.32
2048-06-10,Шоколадная лягушка,12823.56
2048-06-10,Чародейские инновации,3745.27
2048-06-10,Снадобья Василисы Премудрой,9310.1
2048-06-10,Ёлки-палки,11361.62
2048-06-10,Яства Лукоморья,7648.83
2048-06-10,Зельевар,31618.81
2048-06-10,Бабки Ёжки,15054.74
2048-06-11,Ведьминские лакомства,13361.4
2048-06-11,Шоколадная лягушка,7910.88
2048-06-11,Змей Горыныч: Гриль и мясо,9911.39
2048-06-11,Ёлки-палки,12219.06
2048-06-11,Три метлы,9103.93
2048-06-12,Репка МММ Финанс,3853.62
2048-06-12,Сливочное пиво,7011.1
2048-06-12,Змей Горыныч: Гриль и мясо,10078.67
2048-06-12,Снадобья Василисы Премудрой,8210.67
2048-06-12,Снадобья Василисы Премудрой,8929.18
2048-06-12,Хоббитонские угощения,10317.03
2048-06-15,Бабки Ёжки,17858.66
2048-06-15,Змей Горыныч: Гриль и мясо,8959.51
2048-06-15,Хогвартский рацион,5275.14
2048-06-15,Шоколадная лягушка,4815.12
2048-06-15,Ёлки-палки,13509.86
2048-06-15,Ёлки-палки,16789.16
2048-06-16,Бабки Ёжки,13592.33
2048-06-16,Ёлки-палки,16036.01
2048-06-16,Три метлы,9951.58
2048-06-16,Три метлы,8557.5
2048-06-17,Олливандер,23534.04
2048-06-17,Бабки Ёжки,22160.11
2048-06-17,Змей Горыныч: Гриль и мясо,4754.52
2048-06-17,Змей Горыныч: Гриль и мясо,8443.08
2048-06-17,Зельевар,17225.72
2048-06-17,Олливандер,24001.25
2048-06-18,Колобки,8778.71
2048-06-18,Хоббитонские угощения,10044.06
2048-06-18,Мордор,7425.68
2048-06-18,Орки-лекари,7652.39
2048-06-18,Олливандер,8510.98
2048-06-18,Сладкое королевство,10902.48
2048-06-19,Ведьминские лакомства,6947.21
2048-06-19,Чародейские инновации,3203.01
2048-06-19,Ведьминские лакомства,10770.99
2048-06-19,Ёлки-палки,17645.91
2048-06-19,Олливандер,20784.13
2048-06-19,Волхование,11831.96
2048-06-19,Змей Горыныч: Гриль и мясо,9842.62
2048-06-22,Василиса Премудрая Консалтинг,6122.9
2048-06-22,Варево следопыта,3026.81
2048-06-22,Зелья Асгарда,16783.16
2048-06-22,Дырявый котёл,8733.63
2048-06-22,Бабки Ёжки,20497.77
2048-06-22,Змей Горыныч: Гриль и мясо,10243.48
2048-06-22,Снадобья Василисы Премудрой,8675.46
2048-06-22,Ёлки-палки,17135.53
2048-06-23,Три метлы,7760.96
2048-06-23,Жар-птица,7003.19
2048-06-23,Лотлориэн,2408.31
2048-06-23,Змей Горыныч: Гриль и мясо,7185.33
2048-06-23,Ёлки-палки,20586.75
2048-06-24,Бабки Ёжки,14064.47
2048-06-24,Змей Горыныч: Гриль и мясо,7816.01
2048-06-24,Колобки,9032.74
2048-06-24,Сладкое королевство,5664.31
2048-06-25,Шоколадная лягушка,9562.36
2048-06-25,Змей Горыныч: Гриль и мясо,8771.1
2048-06-26,Бабки Ёжки,19511.05
2048-06-26,Зелья Асгарда,19790.02
2048-06-26,Олливандер,9530.39
2048-06-26,Ёлки-палки,13905.59
2048-06-26,Нарсил,16483.98
2048-06-29,Яства Лукоморья,10559.71
2048-06-29,Орочье питьё,9295.32
2048-06-29,Жар-птица,9587.77
2048-06-29,Змей Горыныч: Гриль и мясо,10788.11
2048-06-29,Змей Горыныч: Гриль и мясо,3394.54
2048-06-29,Каша из топора,9643.7
2048-06-30,Змей Горыныч: Гриль и мясо,4310.71
2048-06-30,Колобки,6019.53
2048-07-01,Эльфийское изобилие,9237.21
2048-07-01,Сливочное пиво,10079.7
2048-07-01,Ведьминские лакомства,10421.17
2048-07-01,Бабки Ёжки,19846.35
2048-07-01,Каша из топора,9586.57
2048-07-01,Каша из топора,14048.21
2048-07-02,Бабки Ёжки,15045.26
2048-07-02,Лотлориэн,3722.1
2048-07-02,Бабки Ёжки,17338.73
2048-07-02,Змей Горыныч: Гриль и мясо,7772.56
2048-07-02,Нарсил,12130.27
2048-07-02,Ёлки-палки,17445.33
2048-07-02,Змей Горыныч: Гриль и мясо,10213.02
2048-07-03,Светлый путь,5403.43
2048-07-03,Каша из топора,6678.51
2048-07-06,Змей Горыныч: Гриль и мясо,5627.15
2048-07-06,Три медведя Холдинг,3096.74
2048-07-06,Сливочное пиво,4509.53
2048-07-06,Бабки Ёжки,9881.36
2048-07-06,Ёлки-палки,22579.27
2048-07-06,Змей Горыныч: Гриль и мясо,11642.95
2048-07-07,Змей Горыныч: Гриль и мясо,7965.31
2048-07-07,Змей Горыныч: Гриль и мясо,8653.83
2048-07-07,Ангрист,16146.71
2048-07-07,Змей Горыныч: Гриль и мясо,8222.07
2048-07-07,Лембас,8124.1
2048-07-07,Каша из топора,7958.23
2048-07-08,Бабки Ёжки,11603.7
2048-07-08,Змей Горыныч: Гриль и мясо,7431.15
2048-07-08,Павлинье перо,8292.68
2048-07-08,Орочье питьё,6260.1
2048-07-08,Бабки Ёжки,17996.4
2048-07-08,Зельевар,19226.22
2048-07-09,Кольца Людей,20712.56
2048-07-09,Змей Горыныч: Гриль и мясо,8976.81
2048-07-09,Змей Горыныч: Гриль и мясо,10890.9
2048-07-10,Олливандер,13067.93
2048-07-10,Кабанья голова,7730.94
2048-07-10,Змей Горыныч: Гриль и мясо,9019.7
2048-07-10,Ведьминские лакомства,5271.25
2048-07-10,Лотлориэн,3675.26
2048-07-10,Бабки Ёжки,21931.57
2048-07-13,Шоколадная лягушка,9643.97
2048-07-13,Ёлки-палки,19594.26
2048-07-13,Дырявый котёл,5486.23
2048-07-14,Дырявый котёл,8155.26
2048-07-14,Ведьминские лакомства,11581.58
2048-07-14,Олливандер,21156.49
2048-07-14,Кабанья голова,7592.5
2048-07-14,Бабки Ёжки,20455.2
2048-07-14,Снадобья Василисы Премудрой,9190.99
2048-07-15,Ёлки-палки,21680.77
2048-07-15,Ёлки-палки,22793.45
2048-07-15,Три метлы,9673.99
2048-07-15,Бабки Ёжки,20025.53
2048-07-16,Дырявый котёл,12722.93
2048-07-16,Змей Горыныч: Гриль и мясо,6948.61
2048-07-16,Зельевар,26913.33
2048-07-17,Колобки,10391.07
2048-07-17,Шоколадная лягушка,6083.16
2048-07-17,Ёлки-палки,17614.32
2048-07-17,Жар-птица,8323.98
2048-07-20,Змей Горыныч: Гриль и мясо,3278.29
2048-07-20,Ёлки-палки,24474.5
2048-07-20,Орден феникса,1369.27
2048-07-20,Баба Яга,7074.59
2048-07-20,Дырявый котёл,6766.49
2048-07-20,Нарсил,7600.72
2048-07-20,Ёлки-палки,19470.56
2048-07-21,Змей Горыныч: Гриль и мясо,7927.4
2048-07-21,Змей Горыныч: Гриль и мясо,10545.99
2048-07-21,Шоколадная лягушка,10490.05
2048-07-21,Ёлки-палки,18475.87
2048-07-21,Волшебные перспективы,3840.88
2048-07-21,Гномьи зелья,8679.28
2048-07-21,Яства Лукоморья,8177.1
2048-07-21,Гномьи харчи,13727.66
2048-07-22,Ангуирел,33926.74
2048-07-22,Змей Горыныч: Гриль и мясо,8821.76
2048-07-22,Жар-птица,8491.78
2048-07-22,Жало,21350.56
2048-07-23,Каша из топора,7191.03
2048-07-23,Хоббитонские угощения,9600.72
2048-07-23,Дырявый котёл,9031.51
2048-07-24,Ёлки-палки,11554.57
2048-07-27,Ёлки-палки,20011.63
2048-07-27,Шоколадная лягушка,5927.8
2048-07-27,Три метлы,12483.76
2048-07-28,Колдовские артефакты,24818.84
2048-07-28,Лембас,12986.42
2048-07-28,Сливочное пиво,7756.94
2048-07-28,Бабки Ёжки,21862.79
2048-07-28,Конёк-Горбунок,6225.63
2048-07-29,Орочье питьё,5119.91
2048-07-29,Колобки,10545.73
2048-07-29,Каша из топора,8213.52
2048-07-29,Три метлы,7725.76
2048-07-29,Яства Лукоморья,7446.55
2048-07-29,Снадобья Василисы Премудрой,5302.6
2048-07-29,Шоколадная лягушка,10069.09
2048-07-29,Бабки Ёжки,19866.34
2048-07-30,Волшебный перекус,7567.02
2048-07-30,Снадобья Василисы Премудрой,6828.65
2048-07-30,Каша из топора,8644.65
2048-07-30,Дырявый котёл,10673.62
2048-07-30,Бабки Ёжки,22973.75
2048-07-30,Сладкое королевство,12701.39
2048-07-30,Чародейские аксессуары,11000.69
2048-07-31,Змей Горыныч: Гриль и мясо,9964.84
2048-07-31,Дырявый котёл,6664.03
2048-07-31,Три метлы,9463.46
2048-07-31,Камень Эреха,8577.15
2048-07-31,Олливандер,23453.84
2048-07-31,Ёлки-палки,18920.47
2048-08-03,Колобки,8673.14
2048-08-03,Змей Горыныч: Гриль и мясо,5351.92
2048-08-03,Змей Горыныч: Гриль и мясо,9667.73
2048-08-03,Олливандер,8920.58
2048-08-03,Змей Горыныч: Гриль и мясо,9456.24
2048-08-04,Алхимик,9254.62
2048-08-04,Кабанья голова,1299.22
2048-08-04,Змей Горыныч: Гриль и мясо,2600.5
2048-08-04,Змей Горыныч: Гриль и мясо,8935.24
2048-08-05,Змей Горыныч: Гриль и мясо,11316.21
2048-08-05,Шоколадная лягушка,9075.16
2048-08-05,Каша из топора,8723.7
2048-08-05,Шоколадная лягушка,8489.89
2048-08-06,Волшебные травы,11377.48
2048-08-06,Кабанья голова,7501.29
2048-08-06,Дырявый котёл,14270.84
2048-08-06,Три метлы,6795.33
2048-08-06,Орден феникса,4712.75
2048-08-07,Змей Горыныч: Гриль и мясо,5691.5
2048-08-07,Каша из топора,7120.67
2048-08-07,Снегурочка Страхование,7850.99
2048-08-07,Сладкое королевство,8311.76
2048-08-07,Ёлки-палки,13744.61
2048-08-07,Теремок с котлована,4794.91
2048-08-10,Змей Горыныч: Гриль и мясо,6510.04
2048-08-10,Сливочное пиво,9102.11
2048-08-10,Змей Горыныч: Гриль и мясо,8861.35
2048-08-10,Светлый путь,2623.01
2048-08-10,Змей Горыныч: Гриль и мясо,2728.35
2048-08-10,Змей Горыныч: Гриль и мясо,5317.97
2048-08-10,Ёлки-палки,15866.39
2048-08-11,Репкины кушанья,4739.59
2048-08-11,Каша из топора,9299.18
2048-08-11,Палантиры,12268.05
2048-08-12,Ёлки-палки,15902.7
2048-08-12,Василиса Премудрая Консалтинг,2188.85
2048-08-12,Хоббитонские угощения,9847.06
2048-08-12,Гуси-Лебеди Дичь на вертелах,10166.97
2048-08-13,Бабки Ёжки,7483.29
2048-08-13,Ведьминские лакомства,8859.17
2048-08-13,Конёк-Горбунок,7853.04
2048-08-13,Бабки Ёжки,21175.77
2048-08-13,Змей Горыныч: Гриль и мясо,8225.36
2048-08-13,Змей Горыныч: Гриль и мясо,6111.81
2048-08-14,Три медведя Холдинг,4830.58
2048-08-14,Змей Горыныч: Гриль и мясо,9403.85
2048-08-14,Змей Горыныч: Гриль и мясо,6118.67
2048-08-17,Магические горизонты,4201.84
2048-08-17,Каша из топора,6064.91
2048-08-17,Три метлы,13077.75
2048-08-17,Зельевар,24760.56
2048-08-17,Змей Горыныч: Гриль и мясо,8841.51
2048-08-17,Дырявый котёл,7526.19
2048-08-18,Кольцо нибелунга,11404.41
2048-08-18,Змей Горыныч: Гриль и мясо,5032.3
2048-08-18,Сладкое королевство,8095.34
2048-08-18,Змей Горыныч: Гриль и мясо,7630.51
2048-08-18,Три метлы,6007.98
2048-08-18,Ёлки-палки,9190.8
2048-08-18,Три медведя Холдинг,4718.54
2048-08-19,Элессар,9569.65
2048-08-19,Дырявый котёл,7943.89
2048-08-19,Кольцо нибелунга,21085.43
2048-08-19,Колдовские артефакты,29185.31
2048-08-19,Кабанья голова,9770.15
2048-08-19,Змей Горыныч: Гриль и мясо,4506.38
2048-08-19,Бабки Ёжки,19969.43
2048-08-20,Змей Горыныч: Гриль и мясо,7161.29
2048-08-20,Лотлориэн,4632.19
2048-08-20,Чародейские инновации,2712.29
2048-08-20,Волшебные перспективы,4961.95
2048-08-20,Поцелуй дементора,5127.33
2048-08-21,Олливандер,7650.72
2048-08-21,Змей Горыныч: Гриль и мясо,10933.25
2048-08-21,Нарсил,18809.93
2048-08-21,Дырявый котёл,9715.81
2048-08-21,Василиса Премудрая Консалтинг,4005.79
2048-08-24,Кабанья голова,7945.18
2048-08-24,Змей Горыныч: Гриль и мясо,9143.41
2048-08-24,Змей Горыныч: Гриль и мясо,6306.37
2048-08-24,Орочье питьё,1701.8
2048-08-24,Колдовские склянки,10859.3
2048-08-25,Покорители волшебства,3946.61
2048-08-25,Лотлориэн,3842.35
2048-08-25,Сливочное пиво,9043.88
2048-08-25,Лембас,10291.47
2048-08-26,Змей Горыныч: Гриль и мясо,6461.95
2048-08-26,Бабки Ёжки,9014.4
2048-08-26,Сливочное пиво,10595.11
2048-08-26,Василиса Премудрая Консалтинг,5229.42
2048-08-26,Кольцо нибелунга,17911.13
2048-08-27,Ёлки-палки,21348.75
2048-08-27,Зельевар,26987.07
2048-08-27,Волшебный перекус,6574.68
2048-08-27,Змей Горыныч: Гриль и мясо,9563.19
2048-08-27,Бабки Ёжки,15366.04
2048-08-27,Хоббитонские угощения,6801.97
2048-08-28,Три метлы,10574.03
2048-08-28,Жар-птица,8990.06
2048-08-28,Кот Баюн,11429.27
2048-08-28,Кабанья голова,13890.9
2048-08-28,Змей Горыныч: Гриль и мясо,5057.77
2048-08-31,Змей Горыныч: Гриль и мясо,6545.31
2048-08-31,Снадобья Василисы Премудрой,9948.42
2048-08-31,Змей Горыныч: Гриль и мясо,11002.93
2048-08-31,За Тридевять Земель Экспорт,3880.55
2048-09-01,Сливочное пиво,9310.65
2048-09-01,Бабки Ёжки,16143.49
2048-09-01,Орки-лекари,6047.13
2048-09-01,Ёлки-палки,18966.99
2048-09-01,Хоббитонские угощения,9830.7
2048-09-02,Каша из топора,8284.45
2048-09-02,Шоколадная лягушка,12026.93
2048-09-02,Колобки,5127.0
2048-09-02,Олливандер,17131.47
2048-09-03,Зельевар,27357.23
2048-09-03,Ёлки-палки,8183.85
2048-09-03,Змей Горыныч: Гриль и мясо,7229.2
2048-09-03,Каша из топора,5735.36
2048-09-03,Змей Горыныч: Гриль и мясо,6909.96
2048-09-04,Зельевар,19550.62
2048-09-04,Дырявый котёл,9481.66
2048-09-04,Каша из топора,7584.08
2048-09-04,Бабки Ёжки,12003.74
2048-09-04,Бабки Ёжки,15422.81
2048-09-04,Олливандер,20644.46
2048-09-04,Змей Горыныч: Гриль и мясо,7130.92
2048-09-07,Каша из топора,6257.41
2048-09-07,Изенгард,1839.42
2048-09-07,Сливочное пиво,9267.0
2048-09-07,Змей Горыныч: Гриль и мясо,4996.22
2048-09-08,Каша из топора,12579.5
2048-09-08,Репкины кушанья,10785.34
2048-09-08,Сливочное пиво,5869.49
2048-09-08,Каша из топора,3459.24
2048-09-09,Бабки Ёжки,4107.59
2048-09-09,Змей Горыныч: Гриль и мясо,7242.05
2048-09-09,Ёлки-палки,21330.86
2048-09-09,Кабанья голова,7137.94
2048-09-09,Конёк-Горбунок,7806.96
2048-09-10,Каша из топора,8627.65
2048-09-10,Три метлы,7305.22
2048-09-10,Лотлориэн,4320.18
2048-09-11,Бабки Ёжки,15000.75
2048-09-11,Три метлы,7908.17
2048-09-11,Снегурочка Страхование,10922.1
2048-09-14,Дырявый котёл,9431.01
2048-09-14,Сладкое королевство,10400.63
2048-09-14,Ёлки-палки,11038.84
2048-09-14,Змей Горыныч: Гриль и мясо,9113.45
2048-09-14,Каша из топора,6985.33
2048-09-15,Хоббитонские угощения,8045.23
2048-09-15,Изенгард,2721.04
2048-09-15,Зелья Асгарда,21855.32
2048-09-16,Хоббитонские угощения,8172.8
2048-09-16,Жар-птица,7867.47
2048-09-16,Зачарованный стол,2559.6
2048-09-16,Конёк-Горбунок,7213.29
2048-09-17,Лешьи провиант,7425.81
2048-09-17,Змей Горыныч: Гриль и мясо,6715.42
2048-09-17,Три метлы,4379.51
2048-09-17,Олливандер,12400.25
2048-09-17,Яства Лукоморья,9034.73
2048-09-18,Три метлы,9121.51
2048-09-18,Змей Горыныч: Гриль и мясо,13570.9
2048-09-18,Снадобья Василисы Премудрой,5412.67
2048-09-18,Ёлки-палки,9932.38
2048-09-18,Каша из топора,11635.07
2048-09-18,Олливандер,18162.85
2048-09-18,Бабки Ёжки,11313.7
2048-09-21,Олливандер,18305.12
2048-09-21,Нарсил,15039.44
2048-09-21,Бабки Ёжки,16974.36
2048-09-22,Змей Горыныч: Гриль и мясо,8773.48
2048-09-22,Олливандер,23489.0
2048-09-22,Каша из топора,13185.88
2048-09-23,Орочье питьё,9595.2
2048-09-23,Змей Горыныч: Гриль и мясо,9443.34
2048-09-23,Шоколадная лягушка,6752.86
2048-09-23,Змей Горыныч: Гриль и мясо,4984.02
2048-09-23,Олливандер,10625.24
2048-09-24,Олливандер,18475.24
2048-09-24,Покорители волшебства,3250.28
2048-09-24,Ёлки-палки,20981.4
2048-09-24,Сливочное пиво,9199.79
2048-09-25,Эльфийские Кольца,7994.37
2048-09-25,Ёлки-палки,10436.44
2048-09-28,Змей Горыныч: Гриль и мясо,11296.18
2048-09-28,Ёлки-палки,5199.51
2048-09-28,Колобки,10351.98
2048-09-28,Кольцо нибелунга,22691.07
2048-09-29,Репка МММ Финанс,4312.73
2048-09-29,Ёлки-палки,7880.29
2048-09-29,Олливандер,16153.99
2048-09-29,Колобки,7070.1
2048-09-30,Туды-сюды,4935.72
2048-09-30,Змей Горыныч: Гриль и мясо,11880.77
2048-09-30,Колобки,6344.76
2048-10-01,Сливочное пиво,7246.44
2048-10-01,За Тридевять Земель Экспорт,4196.92
2048-10-01,Шоколадная лягушка,7615.4
2048-10-01,Сливочное пиво,8157.12
2048-10-01,Сливочное пиво,5243.36
2048-10-02,За Тридевять Земель Экспорт,3875.67
2048-10-02,Бабки Ёжки,13855.16
2048-10-02,Ведьминские лакомства,9115.14
2048-10-05,Олливандер,19498.36
2048-10-05,Орден феникса,3610.78
2048-10-05,Змей Горыныч: Гриль и мясо,11078.72
2048-10-05,Хоббитонские угощения,3816.87
2048-10-05,Ёлки-палки,24071.36
2048-10-05,Ёлки-палки,16917.07
2048-10-05,Три метлы,9001.93
2048-10-06,Змей Горыныч: Гриль и мясо,9919.23
2048-10-06,Емелина печь,7581.45
2048-10-06,Ёлки-палки,15156.6
2048-10-06,За Тридевять Земель Экспорт,6411.99
2048-10-06,Каша из топора,8993.37
2048-10-06,Алхимик,3218.88
2048-10-06,Репкины кушанья,5758.54
2048-10-07,Олливандер,9632.57
2048-10-07,За Тридевять Земель Экспорт,4028.17
2048-10-08,Ёлки-палки,11247.81
2048-10-08,Жар-птица,9570.8
2048-10-08,Зельевар,23061.27
2048-10-08,Бабки Ёжки,27379.21
2048-10-08,Олливандер,20916.52
2048-10-08,Каша из топора,6726.8
2048-10-08,Каша из топора,5091.31
2048-10-08,Змей Горыныч: Гриль и мясо,5870.81
2048-10-08,Змей Горыныч: Гриль и мясо,9209.28
2048-10-09,Гномьи харчи,8124.97
2048-10-09,Ёлки-палки,24540.29
2048-10-09,Репка МММ Финанс,4127.69
2048-10-09,Чародейские аксессуары,29810.19
2048-10-09,Змей Горыныч: Гриль и мясо,7562.54
2048-10-09,Змей Горыныч: Гриль и мясо,10911.93
2048-10-12,Жало,14446.04
2048-10-12,Олливандер,19982.77
2048-10-12,Лотлориэн,3539.91
2048-10-13,Змей Горыныч: Гриль и мясо,6447.18
2048-10-13,Ёлки-палки,26188.12
2048-10-13,Зельевар,17600.29
2048-10-13,Змей Горыныч: Гриль и мясо,11395.95
2048-10-14,КикиМорины разносолы,8251.68
2048-10-14,Ёлки-палки,13074.12
2048-10-14,Змей Горыныч: Гриль и мясо,7317.71
2048-10-14,Бабки Ёжки,20125.18
2048-10-14,Бабки Ёжки,11864.53
2048-10-15,Ёлки-палки,16762.66
2048-10-15,Змей Горыныч: Гриль и мясо,11311.86
2048-10-15,Три метлы,7632.71
2048-10-15,Поцелуй дементора,15628.91
2048-10-16,Дырявый котёл,3172.62
2048-10-16,Бабки Ёжки,14969.07
2048-10-19,Бабки Ёжки,21105.56
2048-10-19,Яства Лукоморья,10001.2
2048-10-19,Ёлки-палки,12934.29
2048-10-19,Ёлки-палки,11160.18
2048-10-19,Зельевар,29601.57
2048-10-20,Хоббитонские угощения,9648.73
2048-10-20,Ёлки-палки,24815.53
2048-10-20,Змей Горыныч: Гриль и мясо,8015.85
2048-10-21,Каша из топора,2461.73
2048-10-21,Ёлки-палки,16777.58
2048-10-21,Сливочное пиво,7958.26
2048-10-21,Три метлы,12291.63
2048-10-21,Сливочное пиво,5928.43
2048-10-22,Снегурочка Страхование,11413.7
2048-10-22,Ёлки-палки,19335.11
2048-10-22,Чародейские аксессуары,13385.12
2048-10-23,Змей Горыныч: Гриль и мясо,6707.62
2048-10-23,Снадобья Василисы Премудрой,4572.39
2048-10-23,Бабки Ёжки,18061.37
2048-10-23,Зельевар,33195.03
2048-10-26,Гуси-Лебеди Дичь на вертелах,10921.51
2048-10-26,Змей Горыныч: Гриль и мясо,5749.08
2048-10-26,Жало,17515.95
2048-10-26,Ёлки-палки,19291.16
2048-10-26,Змей Горыныч: Гриль и мясо,13342.57
2048-10-26,Бабки Ёжки,21820.5
2048-10-26,Олливандер,16030.83
2048-10-27,Каша из топора,6375.53
2048-10-27,Три метлы,6594.99
2048-10-27,Три метлы,5941.51
2048-10-28,Змей Горыныч: Гриль и мясо,5520.17
2048-10-28,Змей Горыныч: Гриль и мясо,9918.41
2048-10-28,Змей Горыныч: Гриль и мясо,9542.52
2048-10-28,Бабки Ёжки,14792.85
2048-10-28,Ёлки-палки,11387.08
2048-10-28,Три метлы,5809.49
2048-10-28,Змей Горыныч: Гриль и мясо,5564.96
2048-10-29,Кабанья голова,8422.51
2048-10-29,Снегурочка Страхование,9403.26
2048-10-29,Лембас,6987.95
2048-10-29,Хоббитонские угощения,6432.33
2048-10-29,Ёлки-палки,12263.36
2048-10-29,Олливандер,16435.93
2048-10-30,Репкины кушанья,7338.44
2048-10-30,Лотлориэн,5968.03
2048-10-30,Бабки Ёжки,11167.77
2048-10-30,Змей Горыныч: Гриль и мясо,5061.89
2048-11-02,Ёлки-палки,15324.43
2048-11-02,Ёлки-палки,18013.82
2048-11-02,Змей Горыныч: Гриль и мясо,7250.07
2048-11-02,Дырявый котёл,3172.8
2048-11-03,Сливочное пиво,9530.37
2048-11-03,Бабки Ёжки,10908.99
2048-11-03,Змей Горыныч: Гриль и мясо,9023.32
2048-11-03,Сливочное пиво,5414.99
2048-11-04,Яства Лукоморья,5068.78
2048-11-04,Ёлки-палки,27523.75
2048-11-04,Ёлки-палки,9518.41
2048-11-04,Колобки,10457.77
2048-11-04,Три метлы,9694.36
2048-11-04,Снадобья Василисы Премудрой,10915.39
2048-11-05,Хоббитонские угощения,11274.3
2048-11-05,Эльфийские эликсиры,6718.33
2048-11-05,Змей Горыныч: Гриль и мясо,10114.19
2048-11-05,Три метлы,2195.21
2048-11-05,Три медведя Холдинг,6723.99
2048-11-06,Змей Горыныч: Гриль и мясо,4404.14
2048-11-06,Бабки Ёжки,18348.92
2048-11-06,Хоббитонские угощения,6816.88
2048-11-06,Сильмариллион,6630.44
2048-11-06,Три метлы,4760.61
2048-11-06,Змей Горыныч: Гриль и мясо,9259.28
2048-11-09,Змей Горыныч: Гриль и мясо,9575.75
2048-11-09,Ёлки-палки,11011.41
2048-11-09,Змей Горыныч: Гриль и мясо,7670.32
2048-11-09,Бабки Ёжки,20380.39
2048-11-09,Змей Горыныч: Гриль и мясо,4641.76
2048-11-10,Змей Горыныч: Гриль и мясо,7665.02
2048-11-10,Бабки Ёжки,12617.6
2048-11-10,Каша из топора,9265.79
2048-11-10,Бабки Ёжки,9796.52
2048-11-10,Жало,19879.85
2048-11-11,Теремок с котлована,3342.26
2048-11-11,Туды-сюды,10531.97
2048-11-11,Снадобья Василисы Премудрой,10737.42
2048-11-11,Змей Горыныч: Гриль и мясо,5868.06
2048-11-12,Змей Горыныч: Гриль и мясо,6770.89
2048-11-12,Зельевар,1575.31
2048-11-12,Шоколадная лягушка,8768.16
2048-11-12,Поцелуй дементора,15209.2
2048-11-12,Ведьминские лакомства,6283.06
2048-11-13,Ёлки-палки,21301.0
2048-11-13,Зелья Асгарда,20564.35
2048-11-13,Кабанья голова,9997.14
2048-11-13,Змей Горыныч: Гриль и мясо,9427.56
2048-11-13,Ёлки-палки,8478.49
2048-11-16,Конёк-Горбунок,7498.16
2048-11-16,Каша из топора,10111.18
2048-11-16,Галеон,5528.2
2048-11-16,Змей Горыныч: Гриль и мясо,6787.68
2048-11-17,Ёлки-палки,15114.82
2048-11-17,Змей Горыныч: Гриль и мясо,10970.94
2048-11-17,Лотлориэн,4936.75
2048-11-17,Галеон,5536.18
2048-11-17,Дырявый котёл,7794.03
2048-11-17,Дырявый котёл,6389.87
2048-11-18,Ёлки-палки,19469.93
2048-11-18,Зелья Средиземья,8922.97
2048-11-18,Змей Горыныч: Гриль и мясо,5297.05
2048-11-18,Три метлы,7327.78
2048-11-18,Ёлки-палки,14044.72
2048-11-18,Ёлки-палки,16769.16
2048-11-18,Эльфийские эликсиры,7047.85
2048-11-19,Орден феникса,2987.96
2048-11-19,Змей Горыныч: Гриль и мясо,12942.64
2048-11-20,Три медведя Холдинг,4773.53
2048-11-20,Нарсил,20067.92
2048-11-20,Колобки,9150.81
2048-11-20,Шоколадная лягушка,8351.97
2048-11-23,Бабки Ёжки,16177.94
2048-11-23,Лотлориэн,3125.14
2048-11-23,Ёлки-палки,15154.94
2048-11-23,Зачарованный стол,4760.12
2048-11-23,Зельевар,15588.68
2048-11-24,Шоколадная лягушка,11148.66
2048-11-24,Хоббитонские угощения,9804.58
2048-11-24,Гномьи харчи,8977.92
2048-11-25,Бабки Ёжки,20115.52
2048-11-25,Бабки Ёжки,15316.29
2048-11-25,Олливандер,17056.83
2048-11-25,Ёлки-палки,21532.68
2048-11-25,Змей Горыныч: Гриль и мясо,13177.47
2048-11-25,Ёлки-палки,14909.29
2048-11-25,Ведьминские лакомства,5721.84
2048-11-25,Бабки Ёжки,17521.47
2048-11-25,Сливочное пиво,7475.97
2048-11-25,Каша из топора,4805.95
2048-11-26,Хоббитонские угощения,5766.75
2048-11-26,Ёлки-палки,23176.7
2048-11-26,Зелья Хогвартса,1882.84
2048-11-27,Василиса Премудрая Консалтинг,5826.36
2048-11-27,Шоколадная лягушка,10094.61
2048-11-27,Лешьи провиант,6957.83
2048-11-27,Колобки,6960.35
2048-11-30,Репка МММ Финанс,3339.4
2048-11-30,Репка МММ Финанс,4398.28
2048-11-30,Змей Горыныч: Гриль и мясо,8162.26
2048-11-30,Жало,21327.51
2048-11-30,Ёлки-палки,13477.02
2048-11-30,Змей Горыныч: Гриль и мясо,9205.72
2048-11-30,Эльфийские Кольца,16028.4
2048-12-01,Снадобья Василисы Премудрой,8929.44
2048-12-01,Волхование,5980.69
2048-12-01,Змей Горыныч: Гриль и мясо,11996.81
2048-12-02,Дырявый котёл,2091.1
2048-12-02,Змей Горыныч: Гриль и мясо,13154.01
2048-12-02,Ёлки-палки,6009.94
2048-12-03,Сливочное пиво,7947.21
2048-12-03,Олливандер,15428.13
2048-12-03,Ведьминские лакомства,4173.23
2048-12-03,За Тридевять Земель Экспорт,2024.49
2048-12-03,Бабки Ёжки,7001.56
2048-12-04,Змей Горыныч: Гриль и мясо,5249.67
2048-12-04,Каша из топора,9197.86
2048-12-04,Ёлки-палки,9465.32
2048-12-07,Бабки Ёжки,16762.17
2048-12-07,За Тридевять Земель Экспорт,4920.19
2048-12-07,Дырявый котёл,6210.95
2048-12-07,Репка МММ Финанс,4434.87
2048-12-07,Сливочное пиво,10297.11
2048-12-08,Бабки Ёжки,21235.51
2048-12-08,Три медведя Холдинг,3936.72
2048-12-08,Змей Горыныч: Гриль и мясо,6676.73
2048-12-08,Бабки Ёжки,17571.49
2048-12-08,Змей Горыныч: Гриль и мясо,6796.43
2048-12-08,Ёлки-палки,18928.86
2048-12-09,Три метлы,8146.98
2048-12-09,Палантиры,16034.61
2048-12-09,Яства Лукоморья,12085.67
2048-12-09,Сливочное пиво,9896.75
2048-12-09,Колобки,9151.32
2048-12-09,Яства Лукоморья,6256.52
2048-12-09,Каша из топора,6302.57
2048-12-10,Змей Горыныч: Гриль и мясо,8947.17
2048-12-10,Змей Горыныч: Гриль и мясо,6640.7
2048-12-10,Ёлки-палки,21725.99
2048-12-10,Ёлки-палки,11010.69
2048-12-10,Змей Горыныч: Гриль и мясо,5879.54
2048-12-11,Зельевар,19037.55
2048-12-11,Ёлки-палки,12432.02
2048-12-11,Каша из топора,3436.03
2048-12-11,Эльфийские эликсиры,8968.76
2048-12-11,Три медведя Холдинг,4850.47
2048-12-14,Олливандер,16158.63
2048-12-14,Змей Горыныч: Гриль и мясо,6744.06
2048-12-14,Шоколадная лягушка,10655.78
2048-12-14,Ёлки-палки,17966.87
2048-12-14,Сильмариллион,4815.82
2048-12-14,Олливандер,19469.1
2048-12-14,Ёлки-палки,13091.52
2048-12-15,Гуси-Лебеди Дичь на вертелах,7308.24
2048-12-15,Властелин пиршеств,4542.14
2048-12-15,Бабки Ёжки,9625.78
2048-12-15,Ёлки-палки,17281.5
2048-12-15,Хоббитонские угощения,12159.04
2048-12-15,Ёлки-палки,13431.46
2048-12-16,Олливандер,15906.68
2048-12-16,Ведьминские лакомства,11611.29
2048-12-16,Снадобья Василисы Премудрой,13482.62
2048-12-16,Шоколадная лягушка,8829.54
2048-12-16,Кабанья голова,14070.44
2048-12-16,Чародейка,19007.58
2048-12-16,Каша из топора,9164.05
2048-12-17,Шоколадная лягушка,7381.91
2048-12-17,Магические эликсиры,11695.93
2048-12-17,Зелья и эликсиры,8421.57
2048-12-17,Волшебные травы,5966.72
2048-12-17,Баба Яга,5707.15
2048-12-17,Сливочное пиво,7415.93
2048-12-17,Сильмариллион,3123.47
2048-12-17,Каша из топора,14382.3
2048-12-18,Колобки,6576.97
2048-12-18,Олливандер,21131.58
2048-12-21,Колобки,7443.29
2048-12-21,Бабки Ёжки,6889.83
2048-12-21,Сливочное пиво,6080.34
2048-12-22,Сладкое королевство,8086.08
2048-12-22,Эльфийское изобилие,5163.97
2048-12-22,Олливандер,13542.63
2048-12-22,Шоколадная лягушка,7190.24
2048-12-23,Магические эликсиры,10451.23
2048-12-23,Каша из топора,9330.33
2048-12-23,Хоббитонские угощения,1098.96
2048-12-23,Бабки Ёжки,1398.13
2048-12-23,Змей Горыныч: Гриль и мясо,9591.98
2048-12-24,Бабки Ёжки,14897.4
2048-12-24,Бабки Ёжки,17992.79
2048-12-25,Бабки Ёжки,19223.95
2048-12-25,Зелья и эликсиры,5268.91
2048-12-25,Три метлы,10716.95
2048-12-28,Ёлки-палки,14485.61
2048-12-28,Змей Горыныч: Гриль и мясо,5048.85
2048-12-28,Каша из топора,6412.36
2048-12-28,Три метлы,10628.39
2048-12-29,Бабки Ёжки,9499.82
2048-12-29,Колобки,8529.55
2048-12-29,Лотлориэн,3444.26
2048-12-29,Кабанья голова,9099.5
2048-12-29,Кольца Толкина,12865.4
2048-12-29,Изенгард,4226.71
2048-12-29,Каша из топора,8361.08
2048-12-30,Каша из топора,8960.46
2048-12-30,Олливандер,13692.49
2048-12-30,Морозко джелато,4600.99
2048-12-31,Змей Горыныч: Гриль и мясо,6056.33
2048-12-31,Ведьминские лакомства,8059.52
2048-12-31,Бабки Ёжки,12021.48
2048-12-31,Сливочное пиво,8850.64
2048-12-31,Бабки Ёжки,16733.88
2048-12-31,Ёлки-палки,21726.93
